widget,tag
404redirection,404 redirect redirector redirects servererror
404to301,301 302 307 404 notfound
404tostart,404 pagenotfound redirect start startpage
404page,404 404page error errorpage page
acceleratedmobilepages,acceleratedmobilepages amp ampproject googleamp mobile
accesspresssocialcounter,socialcount socialcounter socialcounters socialmedia socialmediacounters
accesspresssocialicons,socialicon socialiconwidget socialicons socialiconswidget socialmedia
accesspresssocialshare,socialmedia socialmediashare socialnetworkshare socialshare socialsharecounter
accesspresstwitterfeed,twitter twitterfeeds twitterfeedsslider twitterplugin twitterslider
acfcontentanalysisforyoastseo,yoast acf advancedcustomfields analysis seo
adinserter,admanagement ads adsense advancedcontextualads advertisingmanager
addfromserver,admin import media post uploads
addtoany,addtoany share sharebuttons sharing social
addquicktag,addbuttons button editor quicktag tinymce
addthis,linkedin pinterest bookmarking emailsharing facebook
admincustomlogin,customadminlogin customlogin customloginpage customizewordpressloginpage wordpresslogin
adminmenueditor,admin dashboard menu security wpmu
adminimize,admin color dashboard scheme theme
adrotate,ad adsense advert advertising doubleclick
advancedaccessmanager,access capability pageaccess role user
advancedads,ad adinjection adinserter admanager ads
advancedcodeeditor,wordpresside code codeeditor plugineditor themeeditor
advancedcustomfields,acf advanced custom field fields
advancedexcerpt,content excerpt formatting post postexcerpt
advancediframe,content embed iframe resize zoom
advancedresponsivevideoembedder,lazyload thumbnail video vimeo youtube
advancedwpcolumns,columns content multi page post
agcustomadmin,admin changeadmin customize hide themes
ajaxthumbnailrebuild,admin ajax rebuild regenerate thumbnail
akismet,akismet antispam antispam comments spam
akismetprivacypolicies,akismet privacy spam
all404redirecttohomepage,404error 404link homepage redirect redirection
allinoneeventcalendar,event calendar feed ical ics
allinonefavicon,admin blog favicon image theme
allinoneschemaorgrichsnippets,event recipe people product review
allinoneseopack,allinoneseo google page seo twitter
allinonewpmigration,backup copy migrate move transfer
allinonewpsecurityandfirewall,antivirus antivirus ban secure security
amazonwebservices,amazon amazonwebservices
amp,amp mobile
amrshortcodeanywidget,page pagetemplate shortcode templates widget
analyticscode,analyticscode codeintegration analytics googleanalytics googlecode
analyticscounter,counter analytics google googleanalytics stats
animateit,css3animation animatecss delay jquery onscrollanimation
antispam,comment commentspam comments spam spammer
antispambee,antispam antispam blockspam comment comments
antivirus,antivirus malware phishing safebrowsing scanner
apikeyforgooglemaps,googlemaps googlemapsapikey googlemapskey
aryoactivitylog,activitylog actions activity admin automation
asesorcookiesparalaleyenespana,cookie cookies law ley spain
autopostthumbnail,automatic featuredimage post posts thumbnail
autotermsofserviceandprivacypolicy,privacypolicy comments facebook legal termsandconditions
autodescription,google opengraph schemaorg seo xmlsitemap
automaticupdater,core plugins stable themes updates
autoptimize,optimize async minify pagespeed performance
awesomeweather,openweathermap shortcode sidebar weather widgets
backup,backup backupplugin databasebackup migrate wordpressbackupplugin
backupwordpress,backup backup backups database zip
backwpup,amazon amazons3 backup backup chinese
badbehavior,comment referrer robot spam trackback
bawloginlogoutmenu,login login logout menu nonce
bbpress,akismet discussion forums support theme
beaverbuilderliteversion,draganddropeditor beaverbuilder frontendbuilder landingpage pagebuilder
betterdeleterevision,betterdeleterevision delete removal remove revision
betterfontawesome,awesome better font icon icons
bettersearchreplace,database searchandreplace searchreplace searchreplacedatabase updateurls
betterwpsecurity,hack malware secure security securityplugin
bjlazyload,lazyloading optimize iframes images javascript
blackstudiotinymcewidget,editor html visual widget wysiwyg
blockbadqueries,firewall hack malicious protect security
bloggerimporter,blogger importer
booking,availabilitycalendar bookingcalendar bookingform bookingsystem ical
bootstrap3shortcodes,bootstrap grid responsive shortcode shortcodes
bootstrapforcontactform7,bootstrap bootstrap3 bootstrapframework contactform7 wpcf7
breadcrumbnavxt,breadcrumb breadcrumbs menu navigation trail
brokenlinkchecker,blogroll broken customfields links maintenance
buddypress,activity friends messaging profiles socialnetworking
bulkdelete,bulk delete draft mass post
bulletproofsecurity,firewall loginsecurity scanner secure security
bwpgooglexmlsitemaps,googlexmlsitemaps sitemapindex sitemapindex xmlsitemap xmlsitemaps
bwpminify,minify minifycss minifyjavascript minifyjs minifystylesheet
calderaforms,contactform contactme formbuilder formbuilder freewordpressformbuilder
callnowbutton,call contact customers sales sell
capabilitymanagerenhanced,capabilities editor manager rights roles
categoriesimages,categoriesimages categoryimage categoryimages taxonomyimage taxonomyimages
categoryposts,categories category posts postswidget widget
childthemeconfigurator,child childtheme childthemes customstyles theme
ckeditorforwordpress,fckeditor ckeditor editor post wysiwyg
cleanandsimplecontactformbymegnicholas,contact contactbutton contactform form simple
cleantalkspamprotect,antispam comments firewall protection spam
cloudflare,cloudflare ddos seo speed ssl
cloudflareflexiblessl,flexiblessl universalssl cloudflare redirectloop ssl
cmb2,fields forms metaboxes options settings
cmstreepageview,customposts page pages posts tree
codesnippets,code codesnippets network php snippets
codelightsshortcodesandwidgets,responsive shortcode shortcodes widget widgets
codepressadmincolumns,admin column columns customcolumns plugins
columnshortcodes,column columns divider shortcode shortcodes
comingsoon,comingsoon comingsoonpage launchpage maintenancemode underconstruction
comingsoonmaintenancemodefromacurax,comingsoon maintenancemode siteoffline underconstruction undermaintenance
commentsfromfacebook,facebookcomment facebookcommentnotification facebookcommentsystem facebookcomments facebookcommentsimport
compactwpaudioplayer,audio audioplayer embed media mediaplayer
comprehensivegooglemapplugin,clustering googlemap googlemapwidget jquerytabs markerclustering
configuresmtp,email gmail sendmail smtp wpmail
constantcontactforms,capture constantcontact constantcontactform constantcontactnewsletter contacts
contactform7,contact contactform email feedback form
contactform7datepicker,calendar date datepicker time timepicker
contactform7dynamictextextension,dynamic contact contactform contactform7 text
contactform7honeypot,antispam captcha form honeypot spam
contactform7mailchimpextension,mailchimpform chimpmail mailchimp mailchimplist newsletter
contactform7style,cf7 contactform7 contactform7style contactform7styling contactform7templates
contactformbuilder,contact contactform contactforms feedback formmanager
contactformcfdb7,cf7 contactform7 contactform7db contactformdb contactformseven
contactformmaker,contact contactform contactforms email forms
contactformplugin,contact contactbutton contactform contactusform feedbackform
contactwidgets,contact social socialicons socialmedia widget
contentviewsqueryanddisplaypostpage,displaypost grid gridplugin latestpost postgrid
contextualrelatedposts,post posts related relatedposts similarposts
cookielawinfo,cookielaw cookies eucookielaw euprivacydirective privacydirective
cookienotice,cookie cookies notice notification notify
cornerstone,cms content cornerstone management system
countperday,counter count posts reads visits
crayonsyntaxhighlighter,crayon highlighter highlighting syntax syntaxhighlighter
cryoutthemesettings,admin theme
customcontactforms,captchaform contactform customcontactform customforms webform
customcssjs,js css customcss customjs javascript
customfacebookfeed,facebookposts facebook facebookfeed facebookgroup facebookwall
customfieldsuite,customfields fields postmeta relationship repeater
customfieldtemplate,custom customfield customfields field fields
customlogin,admin branding customlogin customization login
custompermalinks,address custom link permalink url
customposttemplate,post template theme
customposttypepermalinks,cms customposttype customtaxonomy permalink permalinks
customposttypeui,cms cpt customposttypes post types
customsidebars,custom flexiblelayout footer sidebar widget
customizerexportimport,customizer customizerexport customizerimport export import
cycloneslider2,draganddrop slider slideshow wordpressslider wordpressslideshow
cyr2lat,cyrillic l10n latin russian rustolat
cyr3lat,cyrillic l10n latin russian rustolat
disablecomments,comments disable global
disableemojis,emojis
disablegooglefonts,googlewebfonts opensans googlefonts
disablexmlrpc,xmlrpc
disablexmlrpcpingback,ddos pingback rpc xml xmlrpc
displaypostsshortcode,page pages posts query shortcode
disquscommentsystem,comments email notification spam threaded
dittynewsticker,datarotator news newsticker rotator ticker
downloadmanager,digitalstore ecommerce ecommerce eshop filemanagement
downloadmonitor,download downloadmonitor downloads hits monitor
dropboxbackup,dropbox backup dropboxbackup migrate restore
duplicatepage,pageduplicate postduplicate duplicatecustomposts duplicatepage duplicatepost
duplicatepost,clone copy duplicatepost
duplicator,backup migrate migration move restore
duracelltomigoogletagmanager,adwords google googletagmanager gtm tagmanager
dynamicfeaturedimage,dynamicfeaturedimage dynamicpostthumbnail featuredimage multiplefeaturedimage postthumbnail
dynamictotop,dynamic totop button jquery scroll
dynamicwidgets,dynamic custom rules sidebar widget
easingslider,carousel imageslider responsiveslider slider wordpressslider
easybootstrapshortcodes,responsivepages wordpressbootstrapshortcode wordpressshortcodes bootstrap wordpressbootstrap
easycolumns,box boxes column columns gridlayout
easydigitaldownloads,digitaldownloads download downloads estore eshop
easyfacebooklikebox,adoptive easycustomfacebookfeed facebookfeed facebookpageplugin pageplugin
easyfancybox,fancybox gallery image lightbox photo
easygooglefonts,googlefontswordpress googlewebfonts wordpressgooglefontsplugin typography webfonts
easysmoothscrolllinks,jquerysmoothscrolldiv smoothscroll smoothscrollchrome smoothscrollfirefox smoothscrolljquery
easysocialicons,easysocialicons easysocialicon social socialicon socialicons
easytestimonials,randomtestimonials testimonialfeed testimonialwidget testimonials
easythemeandpluginupgrades,theme update upgrade upload
easytwitterfeedwidget,feed tweet twitter twitterfeed twitterwidget
easywpsmtp,mail phpmailer smtp wordpresssmtp wpmail
editauthorslug,author authorbase authorslug nicename usernicename
editorialcalendar,admin ajax calendar post posts
elementor,draganddrop editor elementor landingpage pagebuilder
emailaddressencoder,antispam antispam email email spam
emailsubscribers,emailmarketing emailnewsletterform emailsignup emailwidget newsletter
embedanydocument,documentviewer embeddocuments embedppt pdfviewer uploadpdf
enablemediareplace,admin attachment files media
enhancedmedialibrary,galleryshortcode mediacategories mediacategory mediagallery medialibrary
enhancedtextwidget,clickable linkable linkedtitle text widget
enviragallerylite,gallery imagegallery photogallery responsivegallery wordpressgalleryplugin
eucookielaw,eucookie analytics cookies european law
eventorganiser,event eventcategories eventorganizer events eventscalendar
eventsmanager,bookings buddypress calendar events tickets
ewwwimageoptimizer,optimize compress image lossless optimization
excludepages,excludepages getpages hidepages menu navigation
exploitscanner,hack hacking scanner security spam
facebook,comments facebook friends like social
facebookautopublish,addlinktofacebook facebook facebookautopublish facebookpublishing publishposttofacebook
facebookbyweblizar,facebookpage facebookwidget facebook facebooklike facebooklikebox
facebookcommentsplugin,commenting comments facebook facebookcomments widgets
facebookconversionpixel,facebookconversionpixel facebookpixel facebookpixelevents facebookretargeting facebookstandardevents
facebooklikeboxwidget,facebook facebookbadge facebookbutton facebooklike facebooklikebutton
facebookpagelikewidget,facebookfanpages facebooksimplelike facebook facebooklikebox facebooklikebutton
famethemesdemoimporter,demodata famethemes import oneclick
fancyboxforwordpress,fancybox gallery image jquery lightbox
faviconbyrealfavicongenerator,faviconchange faviconcode faviconicon faviconimage favicon
faviconrotator,customization favicon icon template theme
fbinstantarticles,facebook instantarticles mobile
feedthemsocial,instagram facebook feed twitter youtube
feedwordpress,atom aggregation feed rss syndication
filemanager,elfinder filemanager ftp wordpressfilemanager wpfilemanager
flamingo,bird contact crm mail
floatingsocialmediaicon,socialmediawidget floatingsocialmedia socialmedia socialmediaicon socialnetworkicon
fontawesome4menus,fontawesome menus navmenu navigation responsive
fooboximagelightbox,gallery images lightbox media modal
foogallery,album gallery imagegallery photogallery responsive
forceregeneratethumbnails,force regeneratethumbnails thumbnail thumbnails
forgetaboutshortcodebuttons,button css edit shortcode visualeditor
formmaker,contactform customform feedback form formbuilder
formidable,contactform customform form formbuilder forms
gagoogleanalytics,analytics ga google googleanalytics tracking
gallerybysupsystic,gallery gridgallery imagegallery videogallery wordpressgalleryplugin
galleryimages,gallery imagegallery lightboxgallery photogallery wordpressgallery
galleryplugin,addalbum addalbums addgalleries addimages addpictures
galleryvideo,gallery video videogallery youtube youtubegallery
genesisenewsextended,aweber genesis genesiswp mailchimp studiopress
genesisresponsiveslider,genesis genesiswp responsive slider slideshow
genesissimpleedits,genesis genesiswp shortcodes studiopress
genesissimplehooks,genesis genesiswp hooks studiopress
genesissimplesidebars,genesis genesiswp hooks studiopress
gettheimage,image images thumbnail
glueforyoastseoamp,amp seo
godaddyemailmarketingsignupforms,email forms godaddy mailinglist marketing
googleanalyticator,analytics google googleanalyticsplugin statistics stats
googleanalyticsdashboardforwp,analytics googleanalytics googleanalyticsdashboard googleanalyticsplugin googleanalyticswidget
googleanalyticsforwordpress,analyticsdashboard analytics googleanalytics googleanalyticsdashboard googleanalyticswidget
googlecalendarevents,calendar calendars eventcalendar google googlecalendar
googlecaptcha,antispamsecurity antispam captcha captha recaptcha
googledocumentembedder,doc docx pdf ppt pptx
googlelanguagetranslator,googlelanguagetranslator googletranslator languagetranslate languagetranslator translatewordpress
googlemaps,googlemaps googlemap map maps marker
googlemapswidget,googlemaps gmap googlemap mapwidget maps
googlesitemapgenerator,bing google msn seo yahoo
googlesitemapplugin,addpagestositemap addpoststositemap addsitemap google googlesitemap
googleanalytics,analytics dashboard google googleanalytics googleanalyticsplugin
gotmls,antimalware automatic firewall scanner security
growmapantispambotplugin,antispam comments gasp spam spambot
gtranslate,language multilingual translate translatewordpress translation
gwollegb,gstebuch guestbook guestbook librodevisitas livredor
headerandfooterscripts,footer head header post scripts
headerfooter,blog footer header page single
heartbeatcontrol,adminajax heartbeat heartbeatapi heartbeatcontrol serverresources
hidetitle,title wp
htmlonpages,page
httpsredirection,automaticredirection htaccess https redirection ssl
hypercache,apache cache htaccess performance staticizer
icegram,exitpopup hellobar optinpopup popup popups
iframe,embed googlemap iframe vimeo youtube
imagewatermark,image images photo picture watermark
imagewidget,ad banner image simple widget
imagify,compressimage images optimization performance photos
imsanity,image quality resize scale spacesaver
insertheadersandfooters,facebookpixel code content css footer
insertphp,insertphp insertphppage insertphppost runphp usephp
instagramfeed,instagram instagramwidget instagramfeed instagramgallery instagramphotos
instagramsliderwidget,instagram images slider widget
intergeomaps,directions easymap google googlemap googlemapplugin
intuitivecustompostorder,customposttypeorder orderpost orderposts postorder postsorder
italycookiechoices,compliance cookielaw cookies eucookielaw eulaw
ithemessync,managemultiplesites backup migrate security seo
iwpclient,admin administration amazon api authentication
jetpack,wordpresscom backup jetpack relatedposts security
jquerycollapseomatic,collapse collapsible expand expandable expandablecontent
jquerycolorbox,colorbox images jquery lightbox pictures
jqueryupdater,javascript jq jquery jqueryui update
jqueryverticalaccordionmenu,animated dropdown jquery menu verticalaccordion
jsonapi,json admin ajax api cms
kirki,customizer mods optionsframework theme toolkit
kiwilogocarousel,carousel logo slider ticker
lazyload,frontendoptimization images lazyload
leafletmapsmarker,googlemaps bing googlemaps map openstreetmap
lightbox,images lightbox popup popupimages wordpresslightbox
lightboxgallery,galleries gallery image images lightbox
limitloginattempts,authentication login security
limitloginattemptsreloaded,limitloginattemptsreloaded authentication limitloginattempts login security
linkjuicekeeper,google link links redirect seo
linkmanager,blogroll linkmanager links
listcategoryposts,categories cms list posts
litespeedcache,wpcache cache http2 litespeed supercache
livecomposerpagebuilder,draganddropbuilder pagebuilder visualbuilder visualcomposer visualeditor
livemeshsiteoriginwidgets,siteoriginpagebuilder siteorigin siteoriginwidgets siteoriginwidgetsbundle widget
ljmaintenancemode,comingsoon maintenance maintenancemode underconstruction websitemaintenance
lockdownwpadmin,websitesecurity lockdown secure security vulnerability
locotranslate,l10n localisation localization translation translators
logincustomizer,customizer login logincustomizer loginlogo logo
loginlockdown,login security
loginlogo,customlogo customize login loginscreen logo
loginwithajax,ajaxlogin ajax login redirectredirect registration
loginizer,loginizer access admin login logs
mailchimp,email mailchimp marketing newsletter signup
mailchimpforwp,email mailchimp marketing mc4wp newsletter
mailchimpformsbymailmunch,mailchimplists mailchimp mailchimpforms optinforms signupform
mailgun,api http mail mailgun smtp
mailpoet,autoresponder email newsletter postnotification welcomeemail
maintenance,comingsoon maintenance maintenancemode splashpage underconstruction
mainwpchild,wordpressmanagement wordpresscontroller manage management manager
mappressgooglemapsforwordpress,googlemaps easy google map maps
mashsharer,facebook sharebuttons socialmedia socialsharing twitter
masterslider,bestsliderplugin imageslider slider videoslider wordpressslider
maxbuttons,css3buttongenerator responsivebuttons sharebutton wordpressbuttonplugin wordpressbuttons
mcetablebuttons,buttons editor table tables wysiwyg
medialibraryassistant,attachments gallery images media medialibrary
megamenu,megamenu megamenu menu navigation widget
members,capabilities members roles users
menuicons,icons menu navmenu navigation
menuimage,field hover image menu wpml
metabox,customfield customfields meta metabox metaboxes
metatagmanager,google seo tags webmastertools yahoo
meteorslides,slide customposttypes image jquery responsive
minimalcomingsoonmaintenancemode,comingsoon comingsoonpage launchpage mailchimp maintenancemode
mlslider,seo slider slideshow widget wordpressslideshow
movabletypeimporter,typepad importer movabletype
multideviceswitcher,android ipad iphone switcher theme
multiplepostthumbnails,featuredimage image thumbnails
mwwpform,confirm form mail preview shortcode
navmenuroles,menu menus navmenu navmenus
newsletter,email listbuild massmail newsletter subscription
newstatpress,admin sidebar statistics stats widget
nextendfacebookconnect,facebook login register social socialconnect
nextendgoogleconnect,google login register social socialconnect
nextgengallery,nextgengallery gallery nextgen photogallery wordpressgalleryplugin
nginxhelper,purge cache nginx nginxcache nginxmap
ninjaforms,contactform customform form formbuilder forms
nkgoogleanalytics,gacode analytics displayadvertising googleanalytics trackingcode
nocategorybasewpml,categories category categorybase categoryparents categoryslug
nopagecomment,admin comments customposttype discussion pages
noselfping,pingback
nofollow,insert link links meta nofollow
oauthtwitterfeedfordevelopers,feed oauth tweets twitter
officialstatcounterpluginforwordpress,counter hit statistics stats web
oneclickchildtheme,childtheme childthemecreator css theme
oneclickdemoimport,content data demo import widgets
onesignalfreewebpushnotifications,firefox chrome push pushnotifications safari
optimus,optimize compress images performance progressive
optinmonster,aweber lightboxpopup mailchimp popup wordpresspopup
optiontree,metaboxes options themeoptions
optionsframework,options themeoptions
p3profiler,debug debugging developer development performance
pagelist,page pagelist pagelist sitemap subpages
pagescrolltoid,navigation pageanimation pagescrolling singlepagenavigation smoothscroll
paidmembershipspro,ecommerce member members membership memberships
passwordprotected,passwordprotect login password protect
paypaldonations,donation donations paypal shortcode widget
pcrobotstxt,crawler robot robots robotstxt
pdfembedder,doc google office pdf pdfviewer
persianwoocommerce,farsi parsi parsian persian persians
petersloginredirect,admin administration login logout redirect
photogallery,gallery imagegallery photogallery responsivegallery wordpressgalleryplugin
phpcodewidget,execphp php widget
pirateforms,contactform contactformplugin customform forms smtp
pixelyoursite,facebookconversionpixel facebookpixel facebookpixelevents newfacebookpixel facebook
pixtypes,builder custom gallery metadata posttypes
platinumseopack,google metaindex metakeywords posts seo
pods,customtaxonomies contenttypes customfields customposttypes pods
polylang,bilingual language multilingual translate translation
popupbuilder,exitpopup popup popup popupmaker wordpresspopup
popupmaker,optin advertising marketing promotion responsivepopups
popups,facebook google popup popups twitter
portfoliogallery,filterableportfolio portfolio portfoliogallery responsiveportfolio wordpressportfolioplugin
portfolioposttype,portfolio posttype
postduplicator,duplicate duplication post posts
postexpirator,expire pages posts schedule
postpluginlibrary,comments posts random recent similar
postthumbnaileditor,editor featured featuredimage postthumbnail
posttypeswitcher,page post posttype type types
posttypesorder,postorder postsort postsorder postssort sort
postviewscounter,counter hits postviews posts postviews
postsinpage,customposttypes pages posts shortcode taxonomy
powerpress,itunes podcast podcaster podcasting powerpress
prettylink,affiliate link links url urls
printfriendly,email pdf print printbutton wpprint
profilebuilder,userregistration extrauserfields userprofile userregistrationform userfields
psautositemap,cms page post seo sitemap
psdisableautoformatting,autoformatting format formatting linebreak paragraph
pubsubhubbub,ping pubsub puhsubhubbub webhooks websub
pushpress,wordpresscom pubsubhubbub push websub
q2w3fixedwidget,fixed scroll scrolling sidebar widget
qtranslatex,admin bilingual language multilingual tinymce
quickadsense,adsense googleadsense randomads randomadsense wordpressplugin
quickadsensereloaded,ad ads adsense advertising googleadsense
quickpagepostredirectplugin,301 302 forward meta redirect
rawhtml,css formatting html javascript posts
readdunderlinejustify,editor justify mce tinymce underline
reallysimplecaptcha,captcha
reallysimplecsvimporter,acf cfs csv importer scf
reallysimplessl,forcessl https insecurecontent mixedcontent ssl
recentpostswidgetextended,randomposts popularposts recentposts thumbnails widget
recentpostswidgetwiththumbnails,arabic aspectratio author categories category
recenttweetswidget,cache recenttweets twitter twitterapiv11 twitterwidget
redirection,301 404 htaccess redirect seo
reduxframework,admin admininterface options pluginoptions themeoptions
regeneratethumbnails,postthumbnail postthumbnails thumbnail thumbnails
relevanssi,bettersearch relevance search
removecategoryurl,categories category categorybase permalinks urlstructure
removequerystringsfromstaticresources,query remove resources static strings
renamewplogin,customloginurl login rename wplogin wploginphp
resizeimageafterupload,bulkrescale bulkresize image rescale resize
responsiveaddons,analytics bing google verification yahoo
responsivelightbox,gallery images lightbox photos theme
responsivemenu,menu mobilemenu responsive responsivemenu wordpressresponsivemenu
restapi,json api rest restapi
revealidsforwpadmin25,reveal category hidden id wpadmin
revisioncontrol,admin post revisions
rssimporter,importer rss
rustolat,l10n russian slugs translations transliteration
rvgoptimizedatabase,optimize database delete post revisions
saferedirectmanager,urlredirection httpredirects multisiteredirects redirectmanager safehttpredirection
scrollbacktotop,backtotop button jquery scroll scrolltotop
searchandreplace,backup import replace search sql
searcheverything,categoryexclusion categorysearch search searchhighlight tagsearch
searchregex,admin post regex regularexpression search
securewordpress,admin chmod permissions security securityscan
sendgridemaildeliverysimplified,email emailreliability emailtemplates sendgrid smtp
seoautomaticlinks,comments links post posts seo
seoimage,admin google images post seo
seoredirection,admin manage pages post seo
seoultimate,google seo seoultimate suite yahoo
sgcachepress,caching memcache memcached nginx speed
shareaholic,cookiecompliance eucookielaw relatedcontent sharebuttons shareaholic
shortcodesultimate,button columns shortcode slider toggle
shortpixelimageoptimiser,optimize compress compression image imageoptimizer
showhideauthor,authorname hiddenauthor hideauthor removeauthor showauthor
sidebarlogin,login meta sidebar sidebarlogin widget
sidekick,help screencast selfhelp tutorial tutorials
similarposts,relatedpostswidget connectedposts linkedposts relatedposts similarposts
simple301redirects,301 redirect seo url
simplecss,csscustomizer simplecustomcss css customcss simplecss
simplecustomcss,css custom customcss styles
simplecustompostorder,custompostorder jspostorder pageorder postorder postsorder
simplefacebookplugin,facebook fb fblike likebox social
simplehistory,audit changelog changes history log
simpleimagesizes,customimages customsizes image images thumbnailregenerate
simpleimagewidget,imagewidget media mediamanager sidebar widget
simplelightbox,gallery images lightbox photography theme
simplelocalavatars,avatar gravatar profile userphotos users
simplemap,googlemaps address map shortcode
simplepageordering,order ordering page pages reorder
simplepagesidebars,customsidebars dynamicsidebar sidebars simple widget
simplesharebuttonsadder,facebook google sharebuttons socialbuttons twitter
simplesitemap,html htmlsitemap seo seositemap sitemap
simplesocialbuttons,linkedin socialbuttons socialshare viber whatsapp
simplesocialicons,socialmedia socialnetworking socialprofiles
simpletags,admin administration posts tag tags
siteguard,bruteforce waf loginlock passwordlist security
sitemap,page pagelist pagelist sitemap subpages
siteoriginpanels,builder pagebuilder responsive widget widgets
sliderimage,imageslider responsiveslider slider sliderplugin wordpressslider
sliderwd,imageslider responsiveslider slider slideshow wordpressslider
slideshowjqueryimagegallery,images responsive slideshow slider slideshow
smartslider3,galleryslider imageslider layerslider responsiveslider slider
smartyoutube,media play post video youtube
smksidebargenerator,custom generator sidebar unlimited widget
snazzymaps,googlemaps google maps styledmaps styles
socss,css customize design edit
sowidgetsbundle,bundle button image slider widget
sociable,bookmarking sociable socialbookmarking socialbookmarks socialicons
socialcountplus,counter github facebook shortcode widget
socialiconswidgetbywpzoom,socialicons socialmedia socialnetworks socialprofiles widget
socialmediafeather,facebook share socialbuttons socialmedia socialsharing
socialmediawidget,linkedin facebook google socialmedia twitter
socialnetworksautoposterfacebooktwitterg,autopost automation autopost socialnetworks
socialpug,socialsharingbuttons social socialnetwork socialshare socialsharing
socialwarfare,facebookshare floatingsharebuttons googleplusshare sharingbuttons socialmediashare
soliloquylite,galleryslider imageslider responsiveslider slider videoslider
spacer,linespace spacer spacing
spamfreewordpress,antispam antispam comment comments spam
speedboosterpack,googlelibraries optimization performance scriptstothefooter speed
sshsftpupdatersupport,ssh sftp
sslinsecurecontentfixer,https insecurecontent mixedcontent partiallyencrypted ssl
stickymenuoranythingonscroll,header menu sticky stickyheader stickymenu
stopscorethemeandpluginupdates,disableupdates disableupdatesmanager easyupdatesmanager updatecontrol updatesmanager
storefrontproductsharing,ecommerce sharing social storefront woocommerce
storefrontstickyaddtocart,ecommerce sticky storefront woocommerce
subscribetocomments,comments email subscription
subscribe2,email notify posts subscribe subscription
sucuriscanner,firewall malware scan security spam
sumome,analytics campaignmonitor clicktotweet contactform contentanalytics
supersocializer,socialcommenting socialcomments sociallogin socialplugin socialshare
svgsupport,svg vector css mime style
svgvectoriconplugin,fontawesome svg fonticon icons responsive
sydneytoolbox,customfields customposttypes sydney
syntaxhighlighter,code html php sourcecode xhtml
tableofcontentsplus,cms indexes sitemap tableofcontents toc
tablepress,csv data excel html table
tac,admin javascript security themeauthentication themes
tawktolivechat,chat freechat tawk tawkto tawkto
taxonomytermsorder,adminorder categoriessort categoryorder taxonomyorder termsorder
testimonialrotator,testimonial praise shortcode sidebar testimonials
testimonialsbywoothemes,feedback shortcode templatetag testimonials widget
testimonialswidget,client axelerant customer portfolio quote
theeventscalendar,event calendar events organizer venue
themecheck,check checker template theme tool
themejunkiecustomcss,css customcss customizer style theme
thememylogin,custom login registration theme widget
themegrilldemoimporter,demo download importer themegrill themes
themeislecompanion,admin reporting sharing widget widgets
timthumbvulnerabilityscanner,hack scanning security timthumb vulnerability
tinycompressimages,optimize compress faster resize shrink
tinymceadvanced,write editor formatting tinymce wysiwyg
titleremover,hidetitle pagetitle posttitle removetitle title
top10,counter dailypopular popularposts top10 topposts
trackingcodemanager,adwordsremarketing analyticsconversiontracking conversionpixel conversiontracking conversiontrackingadwords
tweetoldpost,linkedin automatic facebook tweet twitter
twitter,embeddedtimeline embeddedtweet twitter twitterlist twitterprofile
types,cms customfield customfields customposttype customposttypes
uberloginlogo,admin customisation login loginlogo logo
ukcookieconsent,cookiecompliance cookielaw cookies eucookielaw euprivacydirective
ultimatecategoryexcluder,categories category exclude excludecategories excludecategory
ultimatecomingsoonpage,comingsoon launch launchpage maintenancemode underconstruction
ultimateformbuilderlite,contactform contactforms form formbuilder forms
ultimategoogleanalytics,google googleanalytics statistics stats tracking
ultimatemember,userregistration community member membership userprofile
ultimatepostswidget,customposttypes featuredimage recentposts stickyposts widget
ultimateresponsiveimageslider,bestsliderplugin imageslideshow responsiveslider slider wordpressimagesliderplugin
ultimatesocialmediaicons,buttons icons share social socialmedia
ultimatesocialmediaplus,share sharebutton sharebuttons sharesocialmedia sharing
ultimatetinymce,add button buttons editor font
underconstructionpage,comingsoonpage landingpage maintenancemode maintenancepage underconstruction
underconstruction,construction preview private security underconstruction
unyson,backup breadcrumbs pagebuilder seo shortcodes
updraftplus,backup cloudbackup databasebackup restore wordpressbackup
useanyfont,anyfont customfonts embedanyfont fontembed fontuploader
usegooglelibraries,cdn google javascript jquery performance
useraccessmanager,access admin member memberarea members
userroleeditor,access editor role security user
userswitching,fastuserswitching multisite profiles userswitching users
varnishhttppurge,purge cache varnish
vaultpress,archive backup malware security virus
velvetbluesupdateurls,links movewordpress permalinks updatelinks urls
videothumbnails,thumbnails video vimeo vine youtube
visualformbuilder,contactform contactforms form forms
w3totalcache,cache caching compression maxcdn seo
wcshortcodes,accordion accordions shortcode shortcodes tab
wdinstagramfeed,instagram custominstagramfeed feed hashtag instagramfeed
websitemonetizationbymagenet,advertising contextualads contextualadvertising earnmoneyonline websitemonetization
whitelabelcms,admin branding cms custom dashboard
widgetcontext,context logic widget widgetcontext widgetlogic
widgetcssclasses,classes css widgetclasses widgetcss widgets
widgetimporterexporter,exporter import importer widget widgets
widgetlogic,admin conditionaltags context filter widget
widgetoptions,displaywidgets hidewidgets restrictwidgets widgetlogic widgets
widgetsettingsimportexport,export import widget
widgetshortcode,admin shortcode theme widget
widgetsonpages,pages sidebar widgets widgetsinpage widgetsinpost
wonderm00nssimplefacebookopengraphtags,facebook opengraph opengraphprotocol share social
woocheckoutfieldeditorpro,woocommercecheckoutmanager checkoutfieldcustomizer checkoutfieldeditor checkoutmanager woocommercecheckoutfieldeditor
woocommerce,ecommerce ecommerce sales sell store
woocommercecheckoutmanager,cart ecommerce ecommerce store woocommerce
woocommercecustomizer,woocommerce woocommercefilters woocommerceshop woocommercetext
woocommercedeliverynotes,packingslip delivery deliverynote pdfinvoice shipping
woocommercegatewaypaypalexpresscheckout,commerce ecommerce ecommerce woothemes wordpressecommerce
woocommercegatewaypaypalpoweredbybraintree,commerce ecommerce ecommerce woothemes wordpressecommerce
woocommercegatewaystripe,creditcard stripe woocommerce
woocommercegoogleanalyticsintegration,googleanalytics woocommerce
woocommercegridlisttoggle,ecommerce grid list products woocommerce
woocommercejetpack,boosterforwoocommerce woocommerce woocommercejetpack
woocommercemenubarcart,bar basket cart menu woocommerce
woocommercemultilingual,cms commerce ecommerce ecommerce woocommerce
woocommercepdfinvoicespackingslips,invoices packingslips pdf print woocommerce
woocommerceproductsfilter,ajaxfilter filter products productsfilter woocommerce
woocommerceservices,canadapost shipping stamps usps woocommerce
woocommerceshortcodes,shortcodes woocommerce
woocommercetablerateshipping,woocommercefixedrateshippingbasedoncartprice
woosidebars,sidebars widgetareas widgets
wordfence,firewall limitloginattempts loginsecurity malwarescanner security
wordpress23relatedpostsplugin,post posts related relatedposts seo
wordpressbackuptodropbox,dropbox backup
wordpressdatabasereset,database developer reset restore setup
wordpresshttps,encryption privatessl security sharedssl ssl
wordpressimporter,importer
wordpresspingoptimizer,futureping pingfix pingoptimizer smartping wordpresspingoptimizer
wordpresspopularposts,popular popularity posts top widget
wordpresspopup,optin floatingsocial marketing popup slidein
wordpressseo,contentanalysis readability googlesearchconsole seo xmlsitemap
wordpresssimplepaypalshoppingcart,paypalshoppingcart wordpressshoppingcart cart sell shoppingcart
wordpresssociallogin,comment login register sociallogin socialnetworks
worker,managemultiplesites backup migrate performance security
wpaddcustomcss,css customcss style styles stylesheet
wpadminuicustomize,admin option page post posts
wpallimport,csv datafeed wordpresscsvimport wordpressxmlimport xml
wpauthordateandmetaremover,author date homepage metadata post
wpcerber,antispam limitloginattempts login protect security
wpcleanup,clean cleaner cleanup wpcleanup wpcleanup
wpclonebywpacademy,clonewordpress copywordpress movewordpress wpacademy wpacademy
wpconstructionmode,admin construction landing maintenance page
wpcontentcopyprotector,content contentcopyprotection contentprotection copyprotection preventcopy
wpcopyprotect,copy post posts protect right
wpcrontrol,admin control cron crontrol wpcron
wpcustomerreviews,business google hcard hproduct schemaorg
wpdatabasebackup,backup database databasebackup dbbackup wordpressdatabasebackup
wpdbbackup,backup cron database mysql
wpdbmanager,database manage manager table wpdbmanager
wpedit,button buttons editor wpedit wpedit
wpeditor,pageeditor codeeditor plugineditor posteditor themeeditor
wpfastestcache,wpcache cache performance supercache totalcache
wpfilemanager,elfinder filemanager ftp wordpressfilemanager wpfilemanager
wpforcessl,force https security ssl sslcertificate
wpgallerycustomlinks,gallery gallerylink gallerylinks
wpgooglefonts,font fonts freefonts googlefonts type
wpgooglemapplugin,googlemaps googlemapsplugin map maps wordpressgooglemaps
wpgooglemaps,googlemaps googlemap map mapmarkers maps
wphidepost,hide privacy seo show visbility
wphtaccesseditor,backup editor file htaccess simply
wpinstagramwidget,instagram hipster photography photos widget
wpjalali,afghan calendarconversion tajik farsi persian
wpjobmanager,jobboard joblisting joblists jobmanagement jobmanager
wpjquerylightbox,display image jquery lightbox nodal
wplightbox2,gallery image lightbox lightboxpopup photogallery
wplimitloginattempts,loginizer authentication hack login security
wplivechatsupport,chatplugin livechat livehelp livesupport wordpresslivechat
wpmailbank,email gmail mail mailsmtp mailer
wpmailsmtp,wpmailsmtp gmailsmtp sendgridsmtp smtp wordpresssmtp
wpmaintenancemode,comingsoon launchpage maintenance maintenancemode websitemaintenance
wpmembers,access authentication content login member
wpmetaanddateremover,free author date meta theme
wpmigratedb,backup datadump export migrate migration
wpmultibytepatch,japanese i18n multibyte wpmultibytepatch
wpoptimize,optimize comments database revisions spam
wppagewidget,customposttype page post single widget
wppagenavi,navigation pages pagination paging
wppaginate,paginate navigation page pagination wppaginate
wpperformancescorebooster,booster gzip performance querystring speed
wppiwik,analytics matomo statistics stats tracking
wppolls,booth poll polling polls vote
wppostratings,postrating postratings rating ratings vote
wppostviews,counter hits postviews views
wpproductreview,posts rating review reviewblogger widget
wpresponsivemenu,genesismobilemenu genesisresponsivemenu thesismobilemenu thesisresponsivemenu wordpressresponsivemenu
wpretina2x,image images lazysizes responsive retina
wpreview,rating review userrating wprating wpreview
wprobotstxt,robots robotstxt seo
wprollback,downgrade plugins revert rollback version
wprssaggregator,autoblog contentcuration feedtopost rssaggregator rssimport
wpsecurityauditlog,auditlog eventlogwordpress wordpresssecurityauditlog wordpresssecurityplugin wordpressusertracking
wpsecurityscan,admin chmod permissions security securityscan
wpshortcode,buttons shortcode shortcodes shortcodeslist toggleshortcode
wpsimplefirewall,firewall protect scan security spam
wpsitemappage,generator htmlsitemap pagelist sitemap sitemap
wpslimstat,counter analytics reports statistics tracking
wpsmtp,email mail phpmailer smtp wpsmtp
wpsmushit,optimize compress image optimise resize
wpsocialbookmarkinglight,bookmarking bookmarks hatena social twitter
wpstatistics,visit wordpressanalytics analytics statistics stats
wpstorelocator,googlemaps storelocator businesslocations geocoding stores
wpsupercache,wpcache wpsupercache cache caching performance
wpsweep,optimize clean cleanup cleanup sweep
wptabwidget,ajaxtabs recentpoststab tabwidget tabs tabswidget
wptablereloaded,csv data editor html table
wptotwitter,bitly microblogging supr twitter yourls
wptotalhacks,admin functionsphp head page post
wpupdatesnotifier,admin monitor notification theme upgrade
wpuseravatar,authoravatar authorimage authorphoto avatar bbpress
wpvideolightbox,videolightbox wordpresslightbox wordpressvideoembed wordpressvideolightbox wpvideolightbox
wpcat2tagimporter,categoriesandtagsconverter importer
wpformslite,contactform contactformplugin customform formbuilder forms
wpfrontscrolltop,backtotop scrolltotop scrolltop scrollup wordpressscrolltop
wpfrontuserroleeditor,wordpressuserroleeditor role roleeditor userrole userroleeditor
wpide,code codeeditor plugineditor themeeditor
wpremote,multiplewordpress remoteadministration wpremote
wpshidelogin,customloginurl login rename wplogin wploginphp
wptouch,wptouch bravenewcode iphone ipod mobile
wysijanewsletters,autoresponder email newsletter postnotification welcomeemail
wysiwygwidgets,imagewidget tinymce visual visualeditor widget
xclonerbackupandrestore,backupplugin databasebackup duplicate fullsitebackup restoreplugin
xmlsitemapfeed,newssitemap robotstxt sitemap sitemapxml xmlsitemap
xmlsitemapsforvideos,googlesitemaps seo videos xmlsitemaps youtube
yetanotherrelatedpostsplugin,feeds pages posts related rss
yikesinceasycustomwoocommerceproducttabs,customize duplicate producttabs repeatable woocommerce
yikesinceasymailchimpextender,mailchimplists mailchimp mailchimpforms optinforms signupform
yithwoocommerceajaxnavigation,ajax ajaxfilterednav widget woocommerce woocommerceajaxproductfilterdownload
yithwoocommerceajaxsearch,woocommercesearchbysku woocommercesearchform woocommercesearchpage woocommercesearchresults woocommercesearchshortcode
yithwoocommercecompare,compareproducts comparetable productcompare productcomparison woocommercecompare
yithwoocommercequickview,productsquickview quickview woocommerce woocommercequickview
yithwoocommercewishlist,wishlist ecommerce products woocommerce yit
yithwoocommercezoommagnifier,carousel magnifier slider woocommerce zoom
youtubechannelgallery,channel gallery user widget youtube
youtubeembedplus,livestream youtubelive videogallery youtubechannel youtubegallery
yuzorelatedpost,popularposts related relatedcontent relatedpost relatedposts
zopimlivechat,chat chatonline contactplugin contactus customersupport