plugins|tags
contact-form-7|contact
contact-form-7|contact form
contact-form-7|email
contact-form-7|feedback
contact-form-7|form
wordpress-seo|Content analysis
wordpress-seo|google search console
wordpress-seo|Readability
wordpress-seo|seo
wordpress-seo|xml sitemap
akismet|akismet
akismet|anti-spam
akismet|antispam
akismet|comments
akismet|spam
jetpack|backup
jetpack|jetpack
jetpack|related posts
jetpack|security
jetpack|WordPress.com
wordpress-importer|importer
woocommerce|e-commerce
woocommerce|ecommerce
woocommerce|sales
woocommerce|sell
woocommerce|store
all-in-one-seo-pack|all in one seo
all-in-one-seo-pack|google
all-in-one-seo-pack|page
all-in-one-seo-pack|seo
all-in-one-seo-pack|twitter
google-sitemap-generator|bing
google-sitemap-generator|google
google-sitemap-generator|msn
google-sitemap-generator|seo
google-sitemap-generator|yahoo
limit-login-attempts|authentication
limit-login-attempts|login
limit-login-attempts|security
tinymce-advanced|editor
tinymce-advanced|formatting
tinymce-advanced|tinyMCE
tinymce-advanced|Write
tinymce-advanced|wysiwyg
wordfence|firewall
wordfence|limit login attempts
wordfence|login security
wordfence|malware scanner
wordfence|security
duplicate-post|clone
duplicate-post|copy
duplicate-post|duplicate post
wp-super-cache|cache
wp-super-cache|caching
wp-super-cache|performance
wp-super-cache|WP Cache
wp-super-cache|WP Super Cache
google-analytics-for-wordpress|analytics
google-analytics-for-wordpress|Analytics dashboard
google-analytics-for-wordpress|google analytics
google-analytics-for-wordpress|google analytics dashboard
google-analytics-for-wordpress|google analytics widget
regenerate-thumbnails|post thumbnail
regenerate-thumbnails|post thumbnails
regenerate-thumbnails|thumbnail
regenerate-thumbnails|thumbnails
updraftplus|backup
updraftplus|cloud backup
updraftplus|database backup
updraftplus|restore
updraftplus|wordpress backup
advanced-custom-fields|acf
advanced-custom-fields|advanced
advanced-custom-fields|custom
advanced-custom-fields|field
advanced-custom-fields|fields
siteorigin-panels|builder
siteorigin-panels|page builder
siteorigin-panels|responsive
siteorigin-panels|widget
siteorigin-panels|widgets
google-analytics-dashboard-for-wp|analytics
google-analytics-dashboard-for-wp|google analytics
google-analytics-dashboard-for-wp|google analytics dashboard
google-analytics-dashboard-for-wp|google analytics plugin
google-analytics-dashboard-for-wp|google analytics widget
w3-total-cache|cache
w3-total-cache|caching
w3-total-cache|compression
w3-total-cache|maxcdn
w3-total-cache|seo
duplicator|backup
duplicator|migrate
duplicator|migration
duplicator|move
duplicator|restore
so-widgets-bundle|bundle
so-widgets-bundle|button
so-widgets-bundle|image
so-widgets-bundle|slider
so-widgets-bundle|widget
mailchimp-for-wp|email
mailchimp-for-wp|mailchimp
mailchimp-for-wp|marketing
mailchimp-for-wp|mc4wp
mailchimp-for-wp|newsletter
really-simple-captcha|captcha
nextgen-gallery|gallery
nextgen-gallery|nextgen
nextgen-gallery|NextGEN Gallery
nextgen-gallery|photo gallery
nextgen-gallery|wordpress gallery plugin
ninja-forms|contact form
ninja-forms|custom form
ninja-forms|form
ninja-forms|form builder
ninja-forms|forms
disable-comments|comments
disable-comments|disable
disable-comments|global
wp-smushit|compress
wp-smushit|image
wp-smushit|optimise
wp-smushit|Optimize
wp-smushit|resize
wp-multibyte-patch|i18n
wp-multibyte-patch|Japanese
wp-multibyte-patch|multibyte
wp-multibyte-patch|wp-multibyte-patch
all-in-one-wp-migration|backup
all-in-one-wp-migration|copy
all-in-one-wp-migration|migrate
all-in-one-wp-migration|move
all-in-one-wp-migration|transfer
wp-pagenavi|navigation
wp-pagenavi|pages
wp-pagenavi|pagination
wp-pagenavi|paging
black-studio-tinymce-widget|editor
black-studio-tinymce-widget|html
black-studio-tinymce-widget|visual
black-studio-tinymce-widget|widget
black-studio-tinymce-widget|wysiwyg
redirection|301
redirection|404
redirection|htaccess
redirection|redirect
redirection|seo
better-wp-security|hack
better-wp-security|malware
better-wp-security|secure
better-wp-security|security
better-wp-security|security plugin
ml-slider|seo
ml-slider|slider
ml-slider|slideshow
ml-slider|widget
ml-slider|wordpress slideshow
wpforms-lite|contact form
wpforms-lite|contact form plugin
wpforms-lite|custom form
wpforms-lite|form builder
wpforms-lite|forms
wp-mail-smtp|gmail smtp
wp-mail-smtp|sendgrid smtp
wp-mail-smtp|smtp
wp-mail-smtp|wordpress smtp
wp-mail-smtp|WP Mail SMTP
breadcrumb-navxt|breadcrumb
breadcrumb-navxt|breadcrumbs
breadcrumb-navxt|menu
breadcrumb-navxt|navigation
breadcrumb-navxt|trail
shortcodes-ultimate|button
shortcodes-ultimate|columns
shortcodes-ultimate|shortcode
shortcodes-ultimate|slider
shortcodes-ultimate|toggle
wp-optimize|comments
wp-optimize|database
wp-optimize|Optimize
wp-optimize|revisions
wp-optimize|spam
googleanalytics|analytics
googleanalytics|dashboard
googleanalytics|google
googleanalytics|google analytics
googleanalytics|google analytics plugin
really-simple-ssl|force ssl
really-simple-ssl|https
really-simple-ssl|insecure content
really-simple-ssl|mixed content
really-simple-ssl|ssl
tablepress|csv
tablepress|data
tablepress|excel
tablepress|html
tablepress|table
all-in-one-wp-security-and-firewall|anti-virus
all-in-one-wp-security-and-firewall|antivirus
all-in-one-wp-security-and-firewall|ban
all-in-one-wp-security-and-firewall|secure
all-in-one-wp-security-and-firewall|security
backwpup|amazon
backwpup|amazon s3
backwpup|back up
backwpup|backup
backwpup|chinese
loginizer|access
loginizer|admin
loginizer|login
loginizer|Loginizer
loginizer|logs
ewww-image-optimizer|compress
ewww-image-optimizer|image
ewww-image-optimizer|lossless
ewww-image-optimizer|optimization
ewww-image-optimizer|Optimize
optinmonster|aweber
optinmonster|lightbox popup
optinmonster|mailchimp
optinmonster|popup
optinmonster|wordpress popup
the-events-calendar|calendar
the-events-calendar|Event
the-events-calendar|events
the-events-calendar|organizer
the-events-calendar|venue
force-regenerate-thumbnails|force
force-regenerate-thumbnails|regenerate thumbnails
force-regenerate-thumbnails|thumbnail
force-regenerate-thumbnails|thumbnails
coming-soon|coming soon
coming-soon|coming soon page
coming-soon|launch page
coming-soon|maintenance mode
coming-soon|under construction
worker|backup
worker|Manage Multiple Sites
worker|migrate
worker|performance
worker|security
redux-framework|admin
redux-framework|admin interface
redux-framework|options
redux-framework|plugin options
redux-framework|theme options
wp-maintenance-mode|coming soon
wp-maintenance-mode|launch page
wp-maintenance-mode|maintenance
wp-maintenance-mode|maintenance mode
wp-maintenance-mode|website maintenance
broken-link-checker|blogroll
broken-link-checker|broken
broken-link-checker|custom fields
broken-link-checker|links
broken-link-checker|maintenance
loco-translate|l10n
loco-translate|localisation
loco-translate|localization
loco-translate|translation
loco-translate|translators
instagram-feed|Instagram
instagram-feed|instagram feed
instagram-feed|instagram gallery
instagram-feed|instagram photos
instagram-feed|Instagram widget
yith-woocommerce-wishlist|e-commerce
yith-woocommerce-wishlist|products
yith-woocommerce-wishlist|Wishlist
yith-woocommerce-wishlist|woocommerce
yith-woocommerce-wishlist|yit
wp-fastest-cache|cache
wp-fastest-cache|performance
wp-fastest-cache|super cache
wp-fastest-cache|total cache
wp-fastest-cache|WP Cache
custom-post-type-ui|cms
custom-post-type-ui|cpt
custom-post-type-ui|custom post types
custom-post-type-ui|post
custom-post-type-ui|types
autoptimize|async
autoptimize|minify
autoptimize|Optimize
autoptimize|pagespeed
autoptimize|performance
image-widget|ad
image-widget|banner
image-widget|image
image-widget|simple
image-widget|widget
add-to-any|AddToAny
add-to-any|share
add-to-any|share buttons
add-to-any|sharing
add-to-any|social
cookie-notice|cookie
cookie-notice|cookies
cookie-notice|notice
cookie-notice|notification
cookie-notice|notify
contact-widgets|contact
contact-widgets|social
contact-widgets|social icons
contact-widgets|social media
contact-widgets|widget
user-role-editor|access
user-role-editor|editor
user-role-editor|role
user-role-editor|security
user-role-editor|user
post-types-order|post order
post-types-order|post sort
post-types-order|posts order
post-types-order|posts sort
post-types-order|sort
elementor|drag-and-drop
elementor|editor
elementor|elementor
elementor|landing page
elementor|page builder
wp-statistics|analytics
wp-statistics|statistics
wp-statistics|stats
wp-statistics|Visit
wp-statistics|WordPress analytics
maintenance|coming soon
maintenance|maintenance
maintenance|maintenance mode
maintenance|splash page
maintenance|under construction
beaver-builder-lite-version|beaver builder
beaver-builder-lite-version|Drag And Drop editor
beaver-builder-lite-version|front-end builder
beaver-builder-lite-version|landing page
beaver-builder-lite-version|page builder
wp-google-maps|google map
wp-google-maps|Google Maps
wp-google-maps|map
wp-google-maps|map markers
wp-google-maps|maps
duplicate-page|duplicate custom posts
duplicate-page|duplicate page
duplicate-page|duplicate post
duplicate-page|Page Duplicate
duplicate-page|Post duplicate
iwp-client|admin
iwp-client|administration
iwp-client|amazon
iwp-client|api
iwp-client|authentication
insert-headers-and-footers|code
insert-headers-and-footers|content
insert-headers-and-footers|css
insert-headers-and-footers|Facebook Pixel
insert-headers-and-footers|footer
woocommerce-gateway-paypal-express-checkout|commerce
woocommerce-gateway-paypal-express-checkout|e-commerce
woocommerce-gateway-paypal-express-checkout|ecommerce
woocommerce-gateway-paypal-express-checkout|woothemes
woocommerce-gateway-paypal-express-checkout|wordpress ecommerce
photo-gallery|gallery
photo-gallery|image gallery
photo-gallery|photo gallery
photo-gallery|responsive gallery
photo-gallery|wordpress gallery plugin
sucuri-scanner|firewall
sucuri-scanner|malware
sucuri-scanner|scan
sucuri-scanner|security
sucuri-scanner|spam
wysija-newsletters|Autoresponder
wysija-newsletters|email
wysija-newsletters|newsletter
wysija-newsletters|post notification
wysija-newsletters|welcome email
easy-google-fonts|Google Fonts WordPress
easy-google-fonts|Google Webfonts
easy-google-fonts|typography
easy-google-fonts|webfonts
easy-google-fonts|WordPress Google Fonts Plugin
bbpress|akismet
bbpress|discussion
bbpress|forums
bbpress|support
bbpress|theme
wp-db-backup|backup
wp-db-backup|cron
wp-db-backup|database
wp-db-backup|mysql
simple-custom-css|css
simple-custom-css|custom
simple-custom-css|custom css
simple-custom-css|styles
widget-importer-exporter|exporter
widget-importer-exporter|import
widget-importer-exporter|importer
widget-importer-exporter|widget
widget-importer-exporter|widgets
polylang|bilingual
polylang|language
polylang|multilingual
polylang|translate
polylang|translation
better-search-replace|database
better-search-replace|search and replace
better-search-replace|search replace
better-search-replace|search replace database
better-search-replace|update urls
taxonomy-terms-order|admin order
taxonomy-terms-order|categories sort
taxonomy-terms-order|category order
taxonomy-terms-order|taxonomy order
taxonomy-terms-order|terms order
widget-logic|admin
widget-logic|conditional-tags
widget-logic|context
widget-logic|filter
widget-logic|widget
wp-clone-by-wp-academy|clone wordpress
wp-clone-by-wp-academy|copy wordpress
wp-clone-by-wp-academy|move wordpress
wp-clone-by-wp-academy|wp academy
wp-clone-by-wp-academy|wpacademy
easy-fancybox|fancybox
easy-fancybox|gallery
easy-fancybox|image
easy-fancybox|lightbox
easy-fancybox|photo
wordpress-popular-posts|popular
wordpress-popular-posts|popularity
wordpress-popular-posts|posts
wordpress-popular-posts|top
wordpress-popular-posts|widget
woocommerce-gateway-stripe|credit card
woocommerce-gateway-stripe|stripe
woocommerce-gateway-stripe|woocommerce
woosidebars|sidebars
woosidebars|widget areas
woosidebars|widgets
mainwp-child|manage
mainwp-child|management
mainwp-child|manager
mainwp-child|WordPress controller
mainwp-child|WordPress Management
meta-box|custom field
meta-box|custom fields
meta-box|meta
meta-box|meta box
meta-box|meta boxes
sg-cachepress|caching
sg-cachepress|memcache
sg-cachepress|memcached
sg-cachepress|nginx
sg-cachepress|speed
google-analyticator|analytics
google-analyticator|google
google-analyticator|google analytics plugin
google-analyticator|statistics
google-analyticator|stats
velvet-blues-update-urls|links
velvet-blues-update-urls|move wordpress
velvet-blues-update-urls|permalinks
velvet-blues-update-urls|update links
velvet-blues-update-urls|urls
simple-301-redirects|301
simple-301-redirects|redirect
simple-301-redirects|seo
simple-301-redirects|url
antispam-bee|anti-spam
antispam-bee|antispam
antispam-bee|block spam
antispam-bee|comment
antispam-bee|comments
wp-user-avatar|author avatar
wp-user-avatar|author-image
wp-user-avatar|author-photo
wp-user-avatar|avatar
wp-user-avatar|bbPress
backupwordpress|back up
backupwordpress|backup
backupwordpress|backups
backupwordpress|database
backupwordpress|zip