tags,widgets
builder page builder responsive widget widgets ,siteorigin-panels
gallery nextgen NextGEN Gallery photo gallery wordpress gallery plugin ,nextgen-gallery
Instagram instagram feed instagram gallery instagram photos Instagram widget ,instagram-feed
cookie cookies notice notification notify ,cookie-notice
gallery image gallery photo gallery responsive gallery wordpress gallery plugin ,photo-gallery
exporter import importer widget widgets ,widget-importer-exporter
fancybox gallery image lightbox photo ,easy-fancybox
sidebars widget areas widgets ,woosidebars
author avatar author-image author-photo avatar bbPress ,wp-user-avatar
gallery images lightbox photos theme ,responsive-lightbox
cookie law cookies eu cookie law eu privacy directive privacy directive ,cookie-law-info
hipster Instagram photography photos widget ,wp-instagram-widget
facebook facebook feed facebook group Facebook posts facebook wall ,custom-facebook-feed
content data demo import widgets ,one-click-demo-import
bookmarking email sharing facebook LinkedIn Pinterest ,addthis
gallery images lightbox photography theme ,simple-lightbox
Live Stream video gallery youtube channel youtube gallery YouTube Live ,youtube-embed-plus
facebook google share buttons social buttons twitter ,simple-share-buttons-adder
facebook google LinkedIn social media twitter ,social-media-widget
admin reporting sharing widget widgets ,themeisle-companion
comments facebook friends like social ,facebook
cookie compliance cookie law cookies eu cookie law eu privacy directive ,uk-cookie-consent
embed google map iframe vimeo youtube ,iframe
comments facebook legal Privacy Policy terms and conditions ,auto-terms-of-service-and-privacy-policy
facebook login register social social connect ,nextend-facebook-connect
adoptive easy custom facebook feed facebook feed facebook page plugin page plugin ,easy-facebook-likebox
album gallery image gallery photo gallery responsive ,foogallery
gallery image lightbox lightbox popup photo gallery ,wp-lightbox-2
facebook Facebook fan pages facebook like box facebook like button Facebook simple like ,facebook-pagelike-widget
facebook share social buttons social media social sharing ,social-media-feather
gallery image gallery photo gallery responsive gallery wordpress gallery plugin ,envira-gallery-lite
cookie compliance eu cookie law related content share buttons shareaholic ,shareaholic
thumbnails video vimeo vine youtube ,video-thumbnails
commenting comments facebook facebook comments widgets ,facebook-comments-plugin
classes css widget classes widget css widgets ,widget-css-classes
compress image images optimization performance photos ,imagify
facebook facebook badge facebook button facebook like facebook like button ,facebook-like-box-widget
gallery image gallery lightbox gallery photo gallery wordpress gallery ,gallery-images
responsive shortcode shortcodes widget widgets ,codelights-shortcodes-and-widgets
analytics cookies Eu cookie european law ,eu-cookie-law
facebook share buttons social media social sharing twitter ,mashsharer
facebook instant articles mobile ,fb-instant-articles
cookie cookies law ley spain ,asesor-cookies-para-la-ley-en-espana
automatic facebook LinkedIn tweet twitter ,tweet-old-post
facebook Facebook Conversion Pixel Facebook Pixel Facebook Pixel Events New Facebook Pixel ,pixelyoursite
facebook open graph open graph protocol share social ,wonderm00ns-simple-facebook-open-graph-tags
avatar gravatar profile user photos users ,simple-local-avatars
Facebook Conversion Pixel Facebook Pixel Facebook Pixel Events facebook retargeting facebook standard events ,facebook-conversion-pixel
pages sidebar widgets widgets in page widgets in post ,widgets-on-pages
lazyload thumbnail video vimeo youtube ,advanced-responsive-video-embedder
facebook facebook like facebook like box Facebook Page Facebook Widget ,facebook-by-weblizar
google sitemaps seo videos xml sitemaps youtube ,xml-sitemaps-for-videos
facebook feed Instagram twitter youtube ,feed-them-social
media play post video youtube ,smart-youtube
gallery video video gallery youtube youtube gallery ,gallery-video
facebook google popup popups twitter facebook google popup popups twitter facebook google popup popups twitter facebook google popup popups twitter facebook google popup popups twitter facebook google popup popups twitter facebook google popup popups twitter facebook google popup popups twitter facebook google popup popups twitter facebook google popup popups twitter facebook google popup popups twitter facebook google popup popups twitter facebook google popup popups twitter facebook google popup popups twitter facebook google popup popups twitter facebook google popup popups twitter facebook google popup popups twitter facebook google popup popups twitter facebook google popup popups twitter facebook google popup popups twitter facebook google popup popups twitter facebook google popup popups twitter facebook google popup popups twitter facebook google popup popups twitter facebook google popup popups twitter facebook google popup popups twitter facebook google popup popups twitter facebook google popup popups twitter facebook google popup popups twitter facebook google popup popups twitter facebook google popup popups twitter facebook google popup popups twitter facebook google popup popups twitter facebook google popup popups twitter facebook google popup popups twitter facebook google popup popups twitter facebook google popup popups twitter facebook google popup popups twitter facebook google popup popups twitter facebook google popup popups twitter facebook google popup popups twitter facebook google popup popups twitter facebook google popup popups twitter facebook google popup popups twitter facebook google popup popups twitter facebook google popup popups twitter facebook google popup popups twitter facebook google popup popups twitter facebook google popup popups twitter facebook google popup popups twitter facebook google popup popups twitter facebook google popup popups twitter facebook google popup popups twitter facebook google popup popups twitter facebook google popup popups twitter facebook google popup popups twitter facebook google popup popups twitter facebook google popup popups twitter facebook google popup popups twitter facebook google popup popups twitter facebook google popup popups twitter facebook google popup popups twitter facebook google popup popups twitter facebook google popup popups twitter facebook google popup popups twitter facebook google popup popups twitter facebook google popup popups twitter facebook google popup popups twitter facebook google popup popups twitter facebook google popup popups twitter facebook google popup popups twitter facebook google popup popups twitter facebook google popup popups twitter facebook google popup popups twitter facebook google popup popups twitter facebook google popup popups twitter facebook google popup popups twitter facebook google popup popups twitter facebook google popup popups twitter facebook google popup popups twitter facebook google popup popups twitter facebook google popup popups twitter facebook google popup popups twitter facebook google popup popups twitter facebook google popup popups twitter facebook google popup popups twitter facebook google popup popups twitter facebook google popup popups twitter facebook google popup popups twitter facebook google popup popups twitter facebook google popup popups twitter facebook google popup popups twitter facebook google popup popups twitter facebook google popup popups twitter facebook google popup popups twitter facebook google popup popups twitter facebook google popup popups twitter facebook google popup popups twitter facebook google popup popups twitter facebook google popup popups twitter facebook google popup popups twitter facebook google popup popups twitter facebook google popup popups twitter facebook google popup popups twitter facebook google popup popups twitter facebook google popup popups twitter facebook google popup popups twitter ,popups
facebook share floating-share-buttons google plus share sharing buttons social media share facebook share floating-share-buttons google plus share sharing buttons social media share facebook share floating-share-buttons google plus share sharing buttons social media share facebook share floating-share-buttons google plus share sharing buttons social media share facebook share floating-share-buttons google plus share sharing buttons social media share facebook share floating-share-buttons google plus share sharing buttons social media share facebook share floating-share-buttons google plus share sharing buttons social media share facebook share floating-share-buttons google plus share sharing buttons social media share facebook share floating-share-buttons google plus share sharing buttons social media share facebook share floating-share-buttons google plus share sharing buttons social media share facebook share floating-share-buttons google plus share sharing buttons social media share facebook share floating-share-buttons google plus share sharing buttons social media share facebook share floating-share-buttons google plus share sharing buttons social media share facebook share floating-share-buttons google plus share sharing buttons social media share facebook share floating-share-buttons google plus share sharing buttons social media share facebook share floating-share-buttons google plus share sharing buttons social media share facebook share floating-share-buttons google plus share sharing buttons social media share facebook share floating-share-buttons google plus share sharing buttons social media share facebook share floating-share-buttons google plus share sharing buttons social media share facebook share floating-share-buttons google plus share sharing buttons social media share facebook share floating-share-buttons google plus share sharing buttons social media share facebook share floating-share-buttons google plus share sharing buttons social media share facebook share floating-share-buttons google plus share sharing buttons social media share facebook share floating-share-buttons google plus share sharing buttons social media share facebook share floating-share-buttons google plus share sharing buttons social media share facebook share floating-share-buttons google plus share sharing buttons social media share facebook share floating-share-buttons google plus share sharing buttons social media share facebook share floating-share-buttons google plus share sharing buttons social media share facebook share floating-share-buttons google plus share sharing buttons social media share facebook share floating-share-buttons google plus share sharing buttons social media share facebook share floating-share-buttons google plus share sharing buttons social media share facebook share floating-share-buttons google plus share sharing buttons social media share facebook share floating-share-buttons google plus share sharing buttons social media share facebook share floating-share-buttons google plus share sharing buttons social media share facebook share floating-share-buttons google plus share sharing buttons social media share facebook share floating-share-buttons google plus share sharing buttons social media share facebook share floating-share-buttons google plus share sharing buttons social media share facebook share floating-share-buttons google plus share sharing buttons social media share facebook share floating-share-buttons google plus share sharing buttons social media share facebook share floating-share-buttons google plus share sharing buttons social media share facebook share floating-share-buttons google plus share sharing buttons social media share facebook share floating-share-buttons google plus share sharing buttons social media share facebook share floating-share-buttons google plus share sharing buttons social media share facebook share floating-share-buttons google plus share sharing buttons social media share facebook share floating-share-buttons google plus share sharing buttons social media share facebook share floating-share-buttons google plus share sharing buttons social media share facebook share floating-share-buttons google plus share sharing buttons social media share facebook share floating-share-buttons google plus share sharing buttons social media share facebook share floating-share-buttons google plus share sharing buttons social media share facebook share floating-share-buttons google plus share sharing buttons social media share facebook share floating-share-buttons google plus share sharing buttons social media share facebook share floating-share-buttons google plus share sharing buttons social media share facebook share floating-share-buttons google plus share sharing buttons social media share facebook share floating-share-buttons google plus share sharing buttons social media share facebook share floating-share-buttons google plus share sharing buttons social media share facebook share floating-share-buttons google plus share sharing buttons social media share facebook share floating-share-buttons google plus share sharing buttons social media share facebook share floating-share-buttons google plus share sharing buttons social media share facebook share floating-share-buttons google plus share sharing buttons social media share facebook share floating-share-buttons google plus share sharing buttons social media share facebook share floating-share-buttons google plus share sharing buttons social media share facebook share floating-share-buttons google plus share sharing buttons social media share facebook share floating-share-buttons google plus share sharing buttons social media share facebook share floating-share-buttons google plus share sharing buttons social media share facebook share floating-share-buttons google plus share sharing buttons social media share facebook share floating-share-buttons google plus share sharing buttons social media share facebook share floating-share-buttons google plus share sharing buttons social media share facebook share floating-share-buttons google plus share sharing buttons social media share facebook share floating-share-buttons google plus share sharing buttons social media share facebook share floating-share-buttons google plus share sharing buttons social media share facebook share floating-share-buttons google plus share sharing buttons social media share facebook share floating-share-buttons google plus share sharing buttons social media share facebook share floating-share-buttons google plus share sharing buttons social media share facebook share floating-share-buttons google plus share sharing buttons social media share facebook share floating-share-buttons google plus share sharing buttons social media share facebook share floating-share-buttons google plus share sharing buttons social media share facebook share floating-share-buttons google plus share sharing buttons social media share facebook share floating-share-buttons google plus share sharing buttons social media share facebook share floating-share-buttons google plus share sharing buttons social media share facebook share floating-share-buttons google plus share sharing buttons social media share facebook share floating-share-buttons google plus share sharing buttons social media share facebook share floating-share-buttons google plus share sharing buttons social media share facebook share floating-share-buttons google plus share sharing buttons social media share facebook share floating-share-buttons google plus share sharing buttons social media share facebook share floating-share-buttons google plus share sharing buttons social media share facebook share floating-share-buttons google plus share sharing buttons social media share facebook share floating-share-buttons google plus share sharing buttons social media share facebook share floating-share-buttons google plus share sharing buttons social media share facebook share floating-share-buttons google plus share sharing buttons social media share facebook share floating-share-buttons google plus share sharing buttons social media share facebook share floating-share-buttons google plus share sharing buttons social media share ,social-warfare
display widgets hide widgets restrict widgets widget logic widgets display widgets hide widgets restrict widgets widget logic widgets display widgets hide widgets restrict widgets widget logic widgets display widgets hide widgets restrict widgets widget logic widgets display widgets hide widgets restrict widgets widget logic widgets display widgets hide widgets restrict widgets widget logic widgets display widgets hide widgets restrict widgets widget logic widgets display widgets hide widgets restrict widgets widget logic widgets display widgets hide widgets restrict widgets widget logic widgets display widgets hide widgets restrict widgets widget logic widgets display widgets hide widgets restrict widgets widget logic widgets display widgets hide widgets restrict widgets widget logic widgets display widgets hide widgets restrict widgets widget logic widgets display widgets hide widgets restrict widgets widget logic widgets display widgets hide widgets restrict widgets widget logic widgets display widgets hide widgets restrict widgets widget logic widgets display widgets hide widgets restrict widgets widget logic widgets display widgets hide widgets restrict widgets widget logic widgets display widgets hide widgets restrict widgets widget logic widgets display widgets hide widgets restrict widgets widget logic widgets display widgets hide widgets restrict widgets widget logic widgets display widgets hide widgets restrict widgets widget logic widgets display widgets hide widgets restrict widgets widget logic widgets display widgets hide widgets restrict widgets widget logic widgets display widgets hide widgets restrict widgets widget logic widgets display widgets hide widgets restrict widgets widget logic widgets display widgets hide widgets restrict widgets widget logic widgets display widgets hide widgets restrict widgets widget logic widgets display widgets hide widgets restrict widgets widget logic widgets display widgets hide widgets restrict widgets widget logic widgets display widgets hide widgets restrict widgets widget logic widgets display widgets hide widgets restrict widgets widget logic widgets display widgets hide widgets restrict widgets widget logic widgets display widgets hide widgets restrict widgets widget logic widgets display widgets hide widgets restrict widgets widget logic widgets display widgets hide widgets restrict widgets widget logic widgets display widgets hide widgets restrict widgets widget logic widgets display widgets hide widgets restrict widgets widget logic widgets display widgets hide widgets restrict widgets widget logic widgets display widgets hide widgets restrict widgets widget logic widgets display widgets hide widgets restrict widgets widget logic widgets display widgets hide widgets restrict widgets widget logic widgets display widgets hide widgets restrict widgets widget logic widgets display widgets hide widgets restrict widgets widget logic widgets display widgets hide widgets restrict widgets widget logic widgets display widgets hide widgets restrict widgets widget logic widgets display widgets hide widgets restrict widgets widget logic widgets display widgets hide widgets restrict widgets widget logic widgets display widgets hide widgets restrict widgets widget logic widgets display widgets hide widgets restrict widgets widget logic widgets display widgets hide widgets restrict widgets widget logic widgets display widgets hide widgets restrict widgets widget logic widgets display widgets hide widgets restrict widgets widget logic widgets display widgets hide widgets restrict widgets widget logic widgets display widgets hide widgets restrict widgets widget logic widgets display widgets hide widgets restrict widgets widget logic widgets display widgets hide widgets restrict widgets widget logic widgets display widgets hide widgets restrict widgets widget logic widgets display widgets hide widgets restrict widgets widget logic widgets display widgets hide widgets restrict widgets widget logic widgets display widgets hide widgets restrict widgets widget logic widgets display widgets hide widgets restrict widgets widget logic widgets display widgets hide widgets restrict widgets widget logic widgets display widgets hide widgets restrict widgets widget logic widgets display widgets hide widgets restrict widgets widget logic widgets display widgets hide widgets restrict widgets widget logic widgets display widgets hide widgets restrict widgets widget logic widgets display widgets hide widgets restrict widgets widget logic widgets display widgets hide widgets restrict widgets widget logic widgets display widgets hide widgets restrict widgets widget logic widgets display widgets hide widgets restrict widgets widget logic widgets display widgets hide widgets restrict widgets widget logic widgets display widgets hide widgets restrict widgets widget logic widgets display widgets hide widgets restrict widgets widget logic widgets ,widget-options
siteorigin Siteorigin page builder siteorigin widgets siteorigin widgets bundle widget siteorigin Siteorigin page builder siteorigin widgets siteorigin widgets bundle widget siteorigin Siteorigin page builder siteorigin widgets siteorigin widgets bundle widget siteorigin Siteorigin page builder siteorigin widgets siteorigin widgets bundle widget siteorigin Siteorigin page builder siteorigin widgets siteorigin widgets bundle widget siteorigin Siteorigin page builder siteorigin widgets siteorigin widgets bundle widget siteorigin Siteorigin page builder siteorigin widgets siteorigin widgets bundle widget siteorigin Siteorigin page builder siteorigin widgets siteorigin widgets bundle widget siteorigin Siteorigin page builder siteorigin widgets siteorigin widgets bundle widget siteorigin Siteorigin page builder siteorigin widgets siteorigin widgets bundle widget siteorigin Siteorigin page builder siteorigin widgets siteorigin widgets bundle widget siteorigin Siteorigin page builder siteorigin widgets siteorigin widgets bundle widget siteorigin Siteorigin page builder siteorigin widgets siteorigin widgets bundle widget siteorigin Siteorigin page builder siteorigin widgets siteorigin widgets bundle widget siteorigin Siteorigin page builder siteorigin widgets siteorigin widgets bundle widget siteorigin Siteorigin page builder siteorigin widgets siteorigin widgets bundle widget siteorigin Siteorigin page builder siteorigin widgets siteorigin widgets bundle widget siteorigin Siteorigin page builder siteorigin widgets siteorigin widgets bundle widget siteorigin Siteorigin page builder siteorigin widgets siteorigin widgets bundle widget siteorigin Siteorigin page builder siteorigin widgets siteorigin widgets bundle widget siteorigin Siteorigin page builder siteorigin widgets siteorigin widgets bundle widget siteorigin Siteorigin page builder siteorigin widgets siteorigin widgets bundle widget siteorigin Siteorigin page builder siteorigin widgets siteorigin widgets bundle widget siteorigin Siteorigin page builder siteorigin widgets siteorigin widgets bundle widget siteorigin Siteorigin page builder siteorigin widgets siteorigin widgets bundle widget siteorigin Siteorigin page builder siteorigin widgets siteorigin widgets bundle widget siteorigin Siteorigin page builder siteorigin widgets siteorigin widgets bundle widget siteorigin Siteorigin page builder siteorigin widgets siteorigin widgets bundle widget siteorigin Siteorigin page builder siteorigin widgets siteorigin widgets bundle widget siteorigin Siteorigin page builder siteorigin widgets siteorigin widgets bundle widget siteorigin Siteorigin page builder siteorigin widgets siteorigin widgets bundle widget siteorigin Siteorigin page builder siteorigin widgets siteorigin widgets bundle widget siteorigin Siteorigin page builder siteorigin widgets siteorigin widgets bundle widget siteorigin Siteorigin page builder siteorigin widgets siteorigin widgets bundle widget siteorigin Siteorigin page builder siteorigin widgets siteorigin widgets bundle widget siteorigin Siteorigin page builder siteorigin widgets siteorigin widgets bundle widget siteorigin Siteorigin page builder siteorigin widgets siteorigin widgets bundle widget siteorigin Siteorigin page builder siteorigin widgets siteorigin widgets bundle widget siteorigin Siteorigin page builder siteorigin widgets siteorigin widgets bundle widget siteorigin Siteorigin page builder siteorigin widgets siteorigin widgets bundle widget siteorigin Siteorigin page builder siteorigin widgets siteorigin widgets bundle widget siteorigin Siteorigin page builder siteorigin widgets siteorigin widgets bundle widget siteorigin Siteorigin page builder siteorigin widgets siteorigin widgets bundle widget siteorigin Siteorigin page builder siteorigin widgets siteorigin widgets bundle widget siteorigin Siteorigin page builder siteorigin widgets siteorigin widgets bundle widget siteorigin Siteorigin page builder siteorigin widgets siteorigin widgets bundle widget siteorigin Siteorigin page builder siteorigin widgets siteorigin widgets bundle widget siteorigin Siteorigin page builder siteorigin widgets siteorigin widgets bundle widget siteorigin Siteorigin page builder siteorigin widgets siteorigin widgets bundle widget siteorigin Siteorigin page builder siteorigin widgets siteorigin widgets bundle widget siteorigin Siteorigin page builder siteorigin widgets siteorigin widgets bundle widget siteorigin Siteorigin page builder siteorigin widgets siteorigin widgets bundle widget siteorigin Siteorigin page builder siteorigin widgets siteorigin widgets bundle widget siteorigin Siteorigin page builder siteorigin widgets siteorigin widgets bundle widget siteorigin Siteorigin page builder siteorigin widgets siteorigin widgets bundle widget siteorigin Siteorigin page builder siteorigin widgets siteorigin widgets bundle widget siteorigin Siteorigin page builder siteorigin widgets siteorigin widgets bundle widget siteorigin Siteorigin page builder siteorigin widgets siteorigin widgets bundle widget siteorigin Siteorigin page builder siteorigin widgets siteorigin widgets bundle widget ,livemesh-siteorigin-widgets
facebook fb fb like like box social facebook fb fb like like box social facebook fb fb like like box social facebook fb fb like like box social facebook fb fb like like box social facebook fb fb like like box social facebook fb fb like like box social facebook fb fb like like box social facebook fb fb like like box social facebook fb fb like like box social facebook fb fb like like box social facebook fb fb like like box social facebook fb fb like like box social facebook fb fb like like box social facebook fb fb like like box social facebook fb fb like like box social facebook fb fb like like box social facebook fb fb like like box social facebook fb fb like like box social facebook fb fb like like box social facebook fb fb like like box social facebook fb fb like like box social facebook fb fb like like box social facebook fb fb like like box social facebook fb fb like like box social facebook fb fb like like box social facebook fb fb like like box social facebook fb fb like like box social facebook fb fb like like box social facebook fb fb like like box social facebook fb fb like like box social facebook fb fb like like box social facebook fb fb like like box social facebook fb fb like like box social facebook fb fb like like box social facebook fb fb like like box social facebook fb fb like like box social facebook fb fb like like box social facebook fb fb like like box social facebook fb fb like like box social facebook fb fb like like box social facebook fb fb like like box social facebook fb fb like like box social ,simple-facebook-plugin
add link to facebook facebook facebook auto publish facebook publishing publish post to facebook add link to facebook facebook facebook auto publish facebook publishing publish post to facebook add link to facebook facebook facebook auto publish facebook publishing publish post to facebook add link to facebook facebook facebook auto publish facebook publishing publish post to facebook add link to facebook facebook facebook auto publish facebook publishing publish post to facebook add link to facebook facebook facebook auto publish facebook publishing publish post to facebook add link to facebook facebook facebook auto publish facebook publishing publish post to facebook add link to facebook facebook facebook auto publish facebook publishing publish post to facebook add link to facebook facebook facebook auto publish facebook publishing publish post to facebook add link to facebook facebook facebook auto publish facebook publishing publish post to facebook add link to facebook facebook facebook auto publish facebook publishing publish post to facebook add link to facebook facebook facebook auto publish facebook publishing publish post to facebook add link to facebook facebook facebook auto publish facebook publishing publish post to facebook add link to facebook facebook facebook auto publish facebook publishing publish post to facebook add link to facebook facebook facebook auto publish facebook publishing publish post to facebook add link to facebook facebook facebook auto publish facebook publishing publish post to facebook add link to facebook facebook facebook auto publish facebook publishing publish post to facebook add link to facebook facebook facebook auto publish facebook publishing publish post to facebook add link to facebook facebook facebook auto publish facebook publishing publish post to facebook add link to facebook facebook facebook auto publish facebook publishing publish post to facebook add link to facebook facebook facebook auto publish facebook publishing publish post to facebook add link to facebook facebook facebook auto publish facebook publishing publish post to facebook add link to facebook facebook facebook auto publish facebook publishing publish post to facebook add link to facebook facebook facebook auto publish facebook publishing publish post to facebook add link to facebook facebook facebook auto publish facebook publishing publish post to facebook add link to facebook facebook facebook auto publish facebook publishing publish post to facebook add link to facebook facebook facebook auto publish facebook publishing publish post to facebook add link to facebook facebook facebook auto publish facebook publishing publish post to facebook add link to facebook facebook facebook auto publish facebook publishing publish post to facebook add link to facebook facebook facebook auto publish facebook publishing publish post to facebook add link to facebook facebook facebook auto publish facebook publishing publish post to facebook add link to facebook facebook facebook auto publish facebook publishing publish post to facebook add link to facebook facebook facebook auto publish facebook publishing publish post to facebook add link to facebook facebook facebook auto publish facebook publishing publish post to facebook add link to facebook facebook facebook auto publish facebook publishing publish post to facebook add link to facebook facebook facebook auto publish facebook publishing publish post to facebook add link to facebook facebook facebook auto publish facebook publishing publish post to facebook add link to facebook facebook facebook auto publish facebook publishing publish post to facebook add link to facebook facebook facebook auto publish facebook publishing publish post to facebook add link to facebook facebook facebook auto publish facebook publishing publish post to facebook ,facebook-auto-publish
channel gallery user widget youtube channel gallery user widget youtube channel gallery user widget youtube channel gallery user widget youtube channel gallery user widget youtube channel gallery user widget youtube channel gallery user widget youtube channel gallery user widget youtube channel gallery user widget youtube channel gallery user widget youtube channel gallery user widget youtube channel gallery user widget youtube channel gallery user widget youtube channel gallery user widget youtube channel gallery user widget youtube channel gallery user widget youtube channel gallery user widget youtube channel gallery user widget youtube channel gallery user widget youtube channel gallery user widget youtube channel gallery user widget youtube channel gallery user widget youtube channel gallery user widget youtube channel gallery user widget youtube channel gallery user widget youtube channel gallery user widget youtube channel gallery user widget youtube channel gallery user widget youtube channel gallery user widget youtube channel gallery user widget youtube channel gallery user widget youtube ,youtube-channel-gallery
Counter facebook Github shortcode widget Counter facebook Github shortcode widget Counter facebook Github shortcode widget Counter facebook Github shortcode widget Counter facebook Github shortcode widget Counter facebook Github shortcode widget Counter facebook Github shortcode widget Counter facebook Github shortcode widget Counter facebook Github shortcode widget Counter facebook Github shortcode widget Counter facebook Github shortcode widget Counter facebook Github shortcode widget Counter facebook Github shortcode widget Counter facebook Github shortcode widget Counter facebook Github shortcode widget Counter facebook Github shortcode widget Counter facebook Github shortcode widget Counter facebook Github shortcode widget Counter facebook Github shortcode widget Counter facebook Github shortcode widget Counter facebook Github shortcode widget Counter facebook Github shortcode widget Counter facebook Github shortcode widget Counter facebook Github shortcode widget Counter facebook Github shortcode widget ,social-count-plus
image images photo picture watermark image images photo picture watermark image images photo picture watermark image images photo picture watermark image images photo picture watermark image images photo picture watermark image images photo picture watermark image images photo picture watermark image images photo picture watermark image images photo picture watermark image images photo picture watermark image images photo picture watermark image images photo picture watermark image images photo picture watermark image images photo picture watermark image images photo picture watermark image images photo picture watermark image images photo picture watermark image images photo picture watermark image images photo picture watermark ,image-watermark
openweathermap shortcode sidebar weather widgets openweathermap shortcode sidebar weather widgets openweathermap shortcode sidebar weather widgets openweathermap shortcode sidebar weather widgets openweathermap shortcode sidebar weather widgets openweathermap shortcode sidebar weather widgets openweathermap shortcode sidebar weather widgets openweathermap shortcode sidebar weather widgets openweathermap shortcode sidebar weather widgets openweathermap shortcode sidebar weather widgets openweathermap shortcode sidebar weather widgets openweathermap shortcode sidebar weather widgets ,awesome-weather
facebook comment facebook comment notification facebook comment system facebook comments facebook comments import facebook comment facebook comment notification facebook comment system facebook comments facebook comments import facebook comment facebook comment notification facebook comment system facebook comments facebook comments import facebook comment facebook comment notification facebook comment system facebook comments facebook comments import facebook comment facebook comment notification facebook comment system facebook comments facebook comments import facebook comment facebook comment notification facebook comment system facebook comments facebook comments import facebook comment facebook comment notification facebook comment system facebook comments facebook comments import facebook comment facebook comment notification facebook comment system facebook comments facebook comments import facebook comment facebook comment notification facebook comment system facebook comments facebook comments import facebook comment facebook comment notification facebook comment system facebook comments facebook comments import facebook comment facebook comment notification facebook comment system facebook comments facebook comments import ,comments-from-facebook
compliance cookie law cookies eu cookie law eu law compliance cookie law cookies eu cookie law eu law compliance cookie law cookies eu cookie law eu law compliance cookie law cookies eu cookie law eu law compliance cookie law cookies eu cookie law eu law compliance cookie law cookies eu cookie law eu law compliance cookie law cookies eu cookie law eu law compliance cookie law cookies eu cookie law eu law ,italy-cookie-choices
